Name,Name w/ Set,Card Type,Evolution Stage,Previous Evolution,Ability,HP,Type,Weakness,Resistance,Retreat Cost,Moves,Card No,Card Mark,Card Rarity
Scyther,Scyther (Temporal Forces 1),[],Basic,,,90,Grass,Fire,,1,"[{'Move Cost': {'Colorless': 1}, 'Move Name': 'Cut Up', 'Move Damage': '10', 'Move Damage Modifier': None, 'Move Effect': ''}, {'Move Cost': {'Colorless': 2}, 'Move Name': 'Slashing Strike', 'Move Damage': '60', 'Move Damage Modifier': None, 'Move Effect': ""During your next turn, this Pokémon can't use Slashing Strike.""}]",001/162,H,Common
Pineco,Pineco (Temporal Forces 2),[],Basic,,,70,Grass,Fire,,2,"[{'Move Cost': {'Colorless': 3}, 'Move Name': 'Ram', 'Move Damage': '50', 'Move Damage Modifier': None, 'Move Effect': ''}]",002/162,H,Common
Seedot,Seedot (Temporal Forces 3),[],Basic,,,60,Grass,Fire,,1,"[{'Move Cost': {'Grass': 1}, 'Move Name': 'Rigidify', 'Move Damage': None, 'Move Damage Modifier': None, 'Move Effect': ""During your opponent's next turn, this Pokémon takes 30 less damage from attacks (after applying Weakness and Resistance).""}, {'Move Cost': {'Colorless': 2}, 'Move Name': 'Hang Down', 'Move Damage': '20', 'Move Damage Modifier': None, 'Move Effect': ''}]",003/162,H,Common
Nuzleaf,Nuzleaf (Temporal Forces 4),[],Stage 1,Seedot,,90,Grass,Fire,,1,"[{'Move Cost': {'Grass': 1}, 'Move Name': 'Corkscrew Punch', 'Move Damage': '20', 'Move Damage Modifier': None, 'Move Effect': ''}, {'Move Cost': {'Colorless': 2}, 'Move Name': 'Comet Slap', 'Move Damage': '30', 'Move Damage Modifier': ('multiply', '30'), 'Move Damage Maximum Procs': 'TOFILL', 'Move Damage Modifier Template': 'TOFILL', 'Move Effect': 'Flip 3 coins. This attack does 30 damage for each heads.'}]",004/162,H,Common
Shiftry,Shiftry (Temporal Forces 5),[],Stage 2,Nuzleaf,,150,Grass,Fire,,2,"[{'Move Cost': {'Grass': 1}, 'Move Name': 'Expelling Tornado', 'Move Damage': None, 'Move Damage Modifier': None, 'Move Effect': ""Choose 3 of your opponent's Benched Pokémon. If you do, shuffle all of your opponent's Benched Pokémon that you didn't choose, and all cards attached to those Pokémon, into their deck.""}, {'Move Cost': {'Colorless': 2}, 'Move Name': 'Energy Loop', 'Move Damage': '140', 'Move Damage Modifier': None, 'Move Effect': 'Put an Energy attached to this Pokémon into your hand.'}]",005/162,H,Uncommon
Shroomish,Shroomish (Temporal Forces 6),[],Basic,,,60,Grass,Fire,,1,"[{'Move Cost': {'Colorless': 1}, 'Move Name': 'Double Headbutt', 'Move Damage': '10', 'Move Damage Modifier': ('multiply', '10'), 'Move Damage Maximum Procs': 'TOFILL', 'Move Damage Modifier Template': 'TOFILL', 'Move Effect': 'Flip 2 coins. This attack does 10 damage for each heads.'}, {'Move Cost': {'Grass': 1, 'Colorless': 1}, 'Move Name': 'Seed Bomb', 'Move Damage': '20', 'Move Damage Modifier': None, 'Move Effect': ''}]",006/162,H,Common
Breloom,Breloom (Temporal Forces 7),[],Stage 1,Shroomish,,120,Grass,Fire,,1,"[{'Move Cost': {'Colorless': 1}, 'Move Name': 'Punch', 'Move Damage': '30', 'Move Damage Modifier': None, 'Move Effect': ''}, {'Move Cost': {'Grass': 1, 'Colorless': 1}, 'Move Name': 'Knuckle Impact', 'Move Damage': '120', 'Move Damage Modifier': None, 'Move Effect': ""During your next turn, this Pokémon can't attack.""}]",007/162,H,Common
Roselia,Roselia (Temporal Forces 8),[],Basic,,"{'Ability Name': 'Poison Point', 'Ability Desc': ""If this Pokémon is in the Active Spot and is damaged by an attack from your opponent's Pokémon (even if this Pokémon is Knocked Out), the Attacking Pokémon is now Poisoned.""}",60,Grass,Fire,,1,"[{'Move Cost': {'Colorless': 1}, 'Move Name': 'Leaf Step', 'Move Damage': '10', 'Move Damage Modifier': None, 'Move Effect': ''}]",008/162,H,Common
Roserade,Roserade (Temporal Forces 9),[],Stage 1,Roselia,"{'Ability Name': 'Poison Point', 'Ability Desc': ""If this Pokémon is in the Active Spot and is damaged by an attack from your opponent's Pokémon (even if this Pokémon is Knocked Out), the Attacking Pokémon is now Poisoned.""}",130,Grass,Fire,,2,"[{'Move Cost': {'Colorless': 2}, 'Move Name': 'Bind Down', 'Move Damage': '70', 'Move Damage Modifier': None, 'Move Effect': ""During your opponent's next turn, the Defending Pokémon can't retreat.""}]",009/162,H,Uncommon
Turtwig,Turtwig (Temporal Forces 10),[],Basic,,"{'Ability Name': 'Solid Shell', 'Ability Desc': 'This Pokémon takes 20 less damage from attacks (after applying Weakness and Resistance).'}",80,Grass,Fire,,3,"[{'Move Cost': {'Grass': 1, 'Colorless': 2}, 'Move Name': 'Leafage', 'Move Damage': '30', 'Move Damage Modifier': None, 'Move Effect': ''}]",010/162,H,Common
Grotle,Grotle (Temporal Forces 11),[],Stage 1,Turtwig,,120,Grass,Fire,,4,"[{'Move Cost': {'Grass': 1}, 'Move Name': 'Cut', 'Move Damage': '20', 'Move Damage Modifier': None, 'Move Effect': ''}, {'Move Cost': {'Grass': 1, 'Colorless': 2}, 'Move Name': 'Ramming Shell', 'Move Damage': '50', 'Move Damage Modifier': None, 'Move Effect': ""During your opponent's next turn, this Pokémon takes 20 less damage from attacks (after applying Weakness and Resistance).""}]",011/162,H,Common
Torterra-ex,Torterra ex (Temporal Forces 12),['ex'],Stage 2,Grotle,,340,Grass,Fire,,4,"[{'Move Cost': {'Grass': 1}, 'Move Name': 'Forest March', 'Move Damage': '30', 'Move Damage Modifier': ('multiply', '30'), 'Move Damage Maximum Procs': 'TOFILL', 'Move Damage Modifier Template': 'TOFILL', 'Move Effect': 'This attack does 30 damage for each of your  Pokémon in play.'}, {'Move Cost': {'Grass': 1, 'Colorless': 2}, 'Move Name': 'Jungle Hammer', 'Move Damage': '150', 'Move Damage Modifier': None, 'Move Effect': 'Heal 50 damage from this Pokémon.'}]",012/162,H,Double Rare
Shaymin,Shaymin (Temporal Forces 13),[],Basic,,,70,Grass,Fire,,0,"[{'Move Cost': {'Grass': 1}, 'Move Name': 'Pinpoint Dive', 'Move Damage': None, 'Move Damage Modifier': None, 'Move Effect': ""This attack does 60 damage to 1 of your opponent's Benched Pokémon ex or Benched Pokémon V. (Don't apply Weakness and Resistance for Benched Pokémon.)""}, {'Move Cost': {'Colorless': 2}, 'Move Name': 'Rear Kick', 'Move Damage': '50', 'Move Damage Modifier': None, 'Move Effect': ''}]",013/162,H,Uncommon
Cottonee,Cottonee (Temporal Forces 14),[],Basic,,,60,Grass,Fire,,1,"[{'Move Cost': {'Grass': 1}, 'Move Name': 'Triple Spin', 'Move Damage': '10', 'Move Damage Modifier': ('multiply', '10'), 'Move Damage Maximum Procs': 'TOFILL', 'Move Damage Modifier Template': 'TOFILL', 'Move Effect': 'Flip 3 coins. This attack does 10 damage for each heads.'}]",014/162,H,Common
Whimsicott,Whimsicott (Temporal Forces 15),[],Stage 1,Cottonee,"{'Ability Name': 'Wafting Heal', 'Ability Desc': 'When you play this Pokémon from your hand to evolve 1 of your Pokémon during your turn, you may heal all damage from your Active  Pokémon. If you healed any damage in this way, discard all Energy from that Pokémon.'}",100,Grass,Fire,,1,"[{'Move Cost': {'Grass': 1}, 'Move Name': 'Seed Bomb', 'Move Damage': '40', 'Move Damage Modifier': None, 'Move Effect': ''}]",015/162,H,Rare
Deerling,Deerling (Temporal Forces 16),[],Basic,,,70,Grass,Fire,,1,"[{'Move Cost': {'Colorless': 1}, 'Move Name': 'Flop', 'Move Damage': '10', 'Move Damage Modifier': None, 'Move Effect': ''}, {'Move Cost': {'Grass': 1, 'Colorless': 2}, 'Move Name': 'Leaf Litter Tackle', 'Move Damage': '40', 'Move Damage Modifier': None, 'Move Effect': 'Discard a  Energy from this Pokémon.'}]",016/162,H,Common
Sawsbuck,Sawsbuck (Temporal Forces 17),[],Stage 1,Deerling,"{'Ability Name': 'Changing Seasons', 'Ability Desc': 'Once during your turn, you may search your deck for a Stadium card, reveal it, and put it into your hand. Then, shuffle your deck.'}",130,Grass,Fire,,2,"[{'Move Cost': {'Grass': 1, 'Colorless': 2}, 'Move Name': 'Superpowered Horns', 'Move Damage': '110', 'Move Damage Modifier': None, 'Move Effect': ''}]",017/162,H,Uncommon
Grubbin,Grubbin (Temporal Forces 18),[],Basic,,,70,Grass,Fire,,1,"[{'Move Cost': {'Colorless': 1}, 'Move Name': 'Flock', 'Move Damage': None, 'Move Damage Modifier': None, 'Move Effect': 'Search your deck for up to 2 Grubbin and put them onto your Bench. Then, shuffle your deck.'}, {'Move Cost': {'Colorless': 2}, 'Move Name': 'Vise Grip', 'Move Damage': '10', 'Move Damage Modifier': None, 'Move Effect': ''}]",018/162,H,Common
Dhelmise,Dhelmise (Temporal Forces 19),[],Basic,,,130,Grass,Fire,,3,"[{'Move Cost': {'Colorless': 2}, 'Move Name': 'Spinning Attack', 'Move Damage': '30', 'Move Damage Modifier': None, 'Move Effect': ''}, {'Move Cost': {'Grass': 2, 'Colorless': 1}, 'Move Name': 'Steel Anchor', 'Move Damage': '80', 'Move Damage Modifier': ('add', '80'), 'Move Damage Maximum Procs': 'TOFILL', 'Move Damage Modifier Template': 'TOFILL', 'Move Effect': 'If you have any  Pokémon on your Bench, this attack does 80 more damage.'}]",019/162,H,Uncommon
Bramblin,Bramblin (Temporal Forces 20),[],Basic,,,50,Grass,Fire,,1,"[{'Move Cost': {'Colorless': 2}, 'Move Name': 'Spike Sting', 'Move Damage': '30', 'Move Damage Modifier': None, 'Move Effect': ''}]",020/162,H,Common
Brambleghast,Brambleghast (Temporal Forces 21),[],Stage 1,Bramblin,"{'Ability Name': 'Resilient Soul', 'Ability Desc': 'This Pokémon gets +50 HP for each Prize card your opponent has taken.'}",100,Grass,Fire,,3,"[{'Move Cost': {'Grass': 1, 'Colorless': 2}, 'Move Name': 'Powerful Needles', 'Move Damage': '80', 'Move Damage Modifier': ('multiply', '80'), 'Move Damage Maximum Procs': 'TOFILL', 'Move Damage Modifier Template': 'TOFILL', 'Move Effect': 'Flip a coin for each Energy attached to this Pokémon. This attack does 80 damage for each heads.'}]",021/162,H,Rare
Scovillain-ex,Scovillain ex (Temporal Forces 22),['ex'],Stage 1,Capsakid,,260,Grass,Fire,,2,"[{'Move Cost': {'Colorless': 1}, 'Move Name': 'Chili Snapper Bind', 'Move Damage': None, 'Move Damage Modifier': None, 'Move Effect': ""Your opponent's Active Pokémon is now Burned. During your opponent’s next turn, that Pokémon can't retreat.""}, {'Move Cost': {'Grass': 2}, 'Move Name': 'Two-Headed Crushing', 'Move Damage': '140', 'Move Damage Modifier': None, 'Move Effect': ""Discard a random card from your opponent's hand. Discard the top card of your opponent's deck.""}]",022/162,G,Double Rare
Rellor,Rellor (Temporal Forces 23),[],Basic,,,50,Grass,Fire,,1,"[{'Move Cost': {'Colorless': 1}, 'Move Name': 'Slight Intrusion', 'Move Damage': '30', 'Move Damage Modifier': None, 'Move Effect': 'This Pokémon also does 10 damage to itself.'}]",023/162,H,Common
Rabsca,Rabsca (Temporal Forces 24),[],Stage 1,Rellor,"{'Ability Name': 'Spherical Shield', 'Ability Desc': ""Prevent all damage from and effects of attacks from your opponent's Pokémon done to your Benched Pokémon.""}",70,Grass,Fire,,1,"[{'Move Cost': {'Grass': 1}, 'Move Name': 'Psychic', 'Move Damage': '10', 'Move Damage Modifier': ('add', '10'), 'Move Damage Maximum Procs': 'TOFILL', 'Move Damage Modifier Template': 'TOFILL', 'Move Effect': ""This attack does 30 more damage for each Energy attached to your opponent's Active Pokémon.""}]",024/162,H,Uncommon
Iron Leaves-ex,Iron Leaves ex (Temporal Forces 25),"['ex', 'Future']",Basic,,"{'Ability Name': 'Rapid Vernier', 'Ability Desc': 'When you play this Pokémon from your hand onto your Bench during your turn, you may switch it with your Active Pokémon. If you do, you may move any amount of Energy from your other Pokémon to this Pokémon.'}",220,Grass,Fire,,1,"[{'Move Cost': {'Grass': 2, 'Colorless': 1}, 'Move Name': 'Prism Edge', 'Move Damage': '180', 'Move Damage Modifier': None, 'Move Effect': ""During your next turn, this Pokémon can't attack.""}]",025/162,H,Double Rare
Ponyta,Ponyta (Temporal Forces 26),[],Basic,,,70,Fire,Water,,1,"[{'Move Cost': {'Colorless': 1}, 'Move Name': 'Charge Energy', 'Move Damage': None, 'Move Damage Modifier': None, 'Move Effect': 'Search your deck for a Basic Energy card, reveal it, and put it into your hand. Then, shuffle your deck.'}, {'Move Cost': {'Fire': 1, 'Colorless': 1}, 'Move Name': 'Flame Tail', 'Move Damage': '20', 'Move Damage Modifier': None, 'Move Effect': ''}]",026/162,H,Common
Rapidash,Rapidash (Temporal Forces 27),[],Stage 1,Ponyta,,110,Fire,Water,,0,"[{'Move Cost': {'Colorless': 1}, 'Move Name': 'Combustion', 'Move Damage': '20', 'Move Damage Modifier': None, 'Move Effect': ''}, {'Move Cost': {'Fire': 1, 'Colorless': 1}, 'Move Name': 'Inferno Onrush', 'Move Damage': '120', 'Move Damage Modifier': None, 'Move Effect': 'This Pokémon also does 30 damage to itself.'}]",027/162,H,Uncommon
Slugma,Slugma (Temporal Forces 28),[],Basic,,,80,Fire,Water,,2,"[{'Move Cost': {'Fire': 1}, 'Move Name': 'Roasting Heat', 'Move Damage': '10', 'Move Damage Modifier': ('add', '10'), 'Move Damage Maximum Procs': 'TOFILL', 'Move Damage Modifier Template': 'TOFILL', 'Move Effect': ""If your opponent's Active Pokémon is Burned, this attack does 40 more damage.""}]",028/162,H,Common
Magcargo,Magcargo (Temporal Forces 29),[],Stage 1,Slugma,"{'Ability Name': 'Lava Zone', 'Ability Desc': ""Whenever your opponent's Active Pokémon moves to the Bench during their turn, their new Active Pokémon is now Burned.""}",120,Fire,Water,,4,"[{'Move Cost': {'Fire': 1, 'Colorless': 2}, 'Move Name': 'Heat Blast', 'Move Damage': '100', 'Move Damage Modifier': None, 'Move Effect': ''}]",029/162,H,Rare
Victini,Victini (Temporal Forces 30),[],Basic,,,80,Fire,Water,,1,"[{'Move Cost': {'Colorless': 1}, 'Move Name': 'Flippity Flap', 'Move Damage': None, 'Move Damage Modifier': None, 'Move Effect': 'Shuffle your hand into your deck. Then, draw 6 cards.'}, {'Move Cost': {'Fire': 1}, 'Move Name': 'Singe Off', 'Move Damage': '30', 'Move Damage Modifier': None, 'Move Effect': ""Discard a Special Energy from your opponent's Active Pokémon.""}]",030/162,H,Common
Heatmor,Heatmor (Temporal Forces 31),[],Basic,,,110,Fire,Water,,1,"[{'Move Cost': {'Fire': 1}, 'Move Name': 'Live Coal', 'Move Damage': '20', 'Move Damage Modifier': None, 'Move Effect': ''}, {'Move Cost': {'Fire': 2, 'Colorless': 1}, 'Move Name': 'Licking Flames', 'Move Damage': '130', 'Move Damage Modifier': None, 'Move Effect': 'Flip 3 coins. For each tails, discard an Energy from this Pokémon.'}]",031/162,H,Common
Litten,Litten (Temporal Forces 32),[],Basic,,,70,Fire,Water,,2,"[{'Move Cost': {'Fire': 1}, 'Move Name': 'Fake Out', 'Move Damage': '10', 'Move Damage Modifier': None, 'Move Effect': ""Flip a coin. If heads, your opponent's Active Pokémon is now Paralyzed.""}]",032/162,H,Common
Torracat,Torracat (Temporal Forces 33),[],Stage 1,Litten,,100,Fire,Water,,2,"[{'Move Cost': {'Fire': 1}, 'Move Name': 'Bite', 'Move Damage': '30', 'Move Damage Modifier': None, 'Move Effect': ''}, {'Move Cost': {'Fire': 1, 'Colorless': 2}, 'Move Name': 'Flare Strike', 'Move Damage': '80', 'Move Damage Modifier': None, 'Move Effect': ""During your next turn, this Pokémon can't use Flare Strike.""}]",033/162,H,Common
Incineroar-ex,Incineroar ex (Temporal Forces 34),['ex'],Stage 2,Torracat,"{'Ability Name': 'Hustle Play', 'Ability Desc': ""Attacks used by this Pokémon cost  less for each of your opponent's Benched Pokémon.""}",320,Fire,Water,,2,"[{'Move Cost': {'Fire': 1, 'Colorless': 4}, 'Move Name': 'Blaze Blast', 'Move Damage': '240', 'Move Damage Modifier': None, 'Move Effect': ""Your opponent's Active Pokémon is now Burned.""}]",034/162,H,Double Rare
Turtonator,Turtonator (Temporal Forces 35),[],Basic,,,120,Fire,Water,,2,"[{'Move Cost': {'Fire': 1, 'Colorless': 1}, 'Move Name': 'Spit-Out Shot', 'Move Damage': None, 'Move Damage Modifier': None, 'Move Effect': ""This attack does 40 damage to 1 of your opponent's Benched Pokémon. (Don't apply Weakness and Resistance for Benched Pokémon.)""}, {'Move Cost': {'Fire': 2, 'Colorless': 1}, 'Move Name': 'Steam Artillery', 'Move Damage': '100', 'Move Damage Modifier': None, 'Move Effect': ''}]",035/162,H,Common
Sizzlipede,Sizzlipede (Temporal Forces 36),[],Basic,,,80,Fire,Water,,2,"[{'Move Cost': {'Fire': 1}, 'Move Name': 'Heat Dive', 'Move Damage': '30', 'Move Damage Modifier': None, 'Move Effect': 'This Pokémon also does 10 damage to itself.'}]",036/162,H,Common
Centiskorch,Centiskorch (Temporal Forces 37),[],Stage 1,Sizzlipede,,140,Fire,Water,,3,"[{'Move Cost': {'Fire': 1}, 'Move Name': 'Singe', 'Move Damage': None, 'Move Damage Modifier': None, 'Move Effect': ""Your opponent's Active Pokémon is now Burned.""}, {'Move Cost': {'Fire': 2}, 'Move Name': 'Charring Breath', 'Move Damage': '180', 'Move Damage Modifier': None, 'Move Effect': ""If your opponent's Active Pokémon isn't Burned, this attack does nothing.""}]",037/162,H,Uncommon
Gouging Fire-ex,Gouging Fire ex (Temporal Forces 38),"['ex', 'Ancient']",Basic,,,230,Fire,Water,,2,"[{'Move Cost': {'Fire': 1, 'Colorless': 1}, 'Move Name': 'Heat Blast', 'Move Damage': '60', 'Move Damage Modifier': None, 'Move Effect': ''}, {'Move Cost': {'Fire': 2, 'Colorless': 1}, 'Move Name': 'Blaze Blitz', 'Move Damage': '260', 'Move Damage Modifier': None, 'Move Effect': ""This Pokémon can't use Blaze Blitz again until it leaves the Active Spot.""}]",038/162,H,Double Rare
Totodile,Totodile (Temporal Forces 39),[],Basic,,,70,Water,Lightning,,1,"[{'Move Cost': {'Water': 1}, 'Move Name': 'Big Bite', 'Move Damage': '10', 'Move Damage Modifier': None, 'Move Effect': ""During your opponent's next turn, the Defending Pokémon can't retreat.""}]",039/162,H,Common
Croconaw,Croconaw (Temporal Forces 40),[],Stage 1,Totodile,,90,Water,Lightning,,2,"[{'Move Cost': {'Water': 1}, 'Move Name': 'Reverse Thrust', 'Move Damage': '30', 'Move Damage Modifier': None, 'Move Effect': 'Switch this Pokémon with 1 of your Benched Pokémon.'}]",040/162,H,Common
Feraligatr,Feraligatr (Temporal Forces 41),[],Stage 2,Croconaw,"{'Ability Name': 'Torrential Heart', 'Ability Desc': ""Once during your turn, you may put 5 damage counters on this Pokémon. If you do, during this turn, attacks used by this Pokémon do 120 more damage to your opponent's Active Pokémon (before applying Weakness and Resistance).""}",180,Water,Lightning,,3,"[{'Move Cost': {'Water': 2}, 'Move Name': 'Giant Wave', 'Move Damage': '160', 'Move Damage Modifier': None, 'Move Effect': ""During your next turn, this Pokémon can't use Giant Wave.""}]",041/162,H,Rare
Carvanha,Carvanha (Temporal Forces 42),[],Basic,,,50,Water,Lightning,,1,"[{'Move Cost': {'Colorless': 2}, 'Move Name': 'Wave Splash', 'Move Damage': '30', 'Move Damage Modifier': None, 'Move Effect': ''}]",042/162,H,Common
Sharpedo,Sharpedo (Temporal Forces 43),[],Stage 1,Carvanha,,120,Water,Lightning,,1,"[{'Move Cost': {'Colorless': 2}, 'Move Name': 'Chew Off', 'Move Damage': '50', 'Move Damage Modifier': None, 'Move Effect': ""Flip 3 coins. For each heads, discard a random card from your opponent's hand.""}, {'Move Cost': {'Water': 1, 'Colorless': 2}, 'Move Name': 'Jet Headbutt', 'Move Damage': '100', 'Move Damage Modifier': None, 'Move Effect': ''}]",043/162,H,Uncommon
Keldeo,Keldeo (Temporal Forces 44),[],Basic,,,110,Water,Lightning,,1,"[{'Move Cost': {'Water': 1}, 'Move Name': 'Rapid Draw', 'Move Damage': '20', 'Move Damage Modifier': None, 'Move Effect': 'Draw 2 cards.'}, {'Move Cost': {'Water': 2, 'Colorless': 1}, 'Move Name': 'Aqua Blade', 'Move Damage': '110', 'Move Damage Modifier': None, 'Move Effect': ''}]",044/162,H,Uncommon
Snom,Snom (Temporal Forces 45),[],Basic,,,50,Water,Metal,,2,"[{'Move Cost': {'Water': 1}, 'Move Name': 'Powder Snow', 'Move Damage': '10', 'Move Damage Modifier': None, 'Move Effect': ""Your opponent's Active Pokémon is now Asleep.""}]",045/162,H,Common
Frosmoth,Frosmoth (Temporal Forces 46),[],Stage 1,Snom,,110,Water,Metal,,2,"[{'Move Cost': {'Water': 2}, 'Move Name': 'Freezing Chill', 'Move Damage': '100', 'Move Damage Modifier': None, 'Move Effect': ""During your opponent's next turn, the Defending Pokémon can't attack.""}]",046/162,H,Common
Wiglett,Wiglett (Temporal Forces 47),[],Basic,,,60,Water,Lightning,,1,"[{'Move Cost': {'Water': 1}, 'Move Name': 'Lucky Find', 'Move Damage': None, 'Move Damage Modifier': None, 'Move Effect': 'Search your deck for an Item card, reveal it, and put it into your hand. Then, shuffle your deck.'}, {'Move Cost': {'Water': 2}, 'Move Name': 'Aqua Bomb', 'Move Damage': '40', 'Move Damage Modifier': None, 'Move Effect': 'This Pokémon also does 20 damage to itself.'}]",047/162,H,Common
Finizen,Finizen (Temporal Forces 48),[],Basic,,,80,Water,Lightning,,2,"[{'Move Cost': {'Water': 1}, 'Move Name': 'Rain Splash', 'Move Damage': '10', 'Move Damage Modifier': None, 'Move Effect': ''}, {'Move Cost': {'Water': 1, 'Colorless': 2}, 'Move Name': 'Sharp Fin', 'Move Damage': '50', 'Move Damage Modifier': None, 'Move Effect': ''}]",048/162,H,Common
Palafin,Palafin (Temporal Forces 49),[],Stage 1,Finizen,,150,Water,Lightning,,2,"[{'Move Cost': {'Water': 1}, 'Move Name': 'Vanguard Punch ヴ\n', 'Move Damage': '130', 'Move Damage Modifier': None, 'Move Effect': 'This Pokémon also does 10 damage to itself for each damage counter on it.'}, {'Move Cost': {'Water': 1, 'Colorless': 2}, 'Move Name': 'Double Hit', 'Move Damage': '90', 'Move Damage Modifier': ('multiply', '90'), 'Move Damage Maximum Procs': 'TOFILL', 'Move Damage Modifier Template': 'TOFILL', 'Move Effect': 'Flip 2 coins. This attack does 90 damage for each heads.'}]",049/162,H,Uncommon
Walking Wake-ex,Walking Wake ex (Temporal Forces 50),"['ex', 'Ancient']",Basic,,"{'Ability Name': 'Azure Seas', 'Ability Desc': ""Damage from attacks used by this Pokémon isn't affected by any effects on your opponent's Active Pokémon.""}",220,Water,Lightning,,1,"[{'Move Cost': {'Water': 1, 'Colorless': 2}, 'Move Name': 'Catharsis Roar', 'Move Damage': '120', 'Move Damage Modifier': ('add', '120'), 'Move Damage Maximum Procs': 'TOFILL', 'Move Damage Modifier Template': 'TOFILL', 'Move Effect': ""If your opponent's Active Pokémon is affected by a Special Condition, this attack does 120 more damage.""}]",050/162,H,Double Rare
Pikachu,Pikachu (Temporal Forces 51),[],Basic,,,70,Lightning,Fighting,,1,"[{'Move Cost': {'Lightning': 1}, 'Move Name': 'Random Spark', 'Move Damage': None, 'Move Damage Modifier': None, 'Move Effect': ""This attack does 10 damage to 1 of your opponent's Pokémon. (Don't apply Weakness and Resistance for Benched Pokémon.)""}]",051/162,H,Common
Raichu,Raichu (Temporal Forces 52),[],Stage 1,Pikachu,,130,Lightning,Fighting,,1,"[{'Move Cost': {'Lightning': 1, 'Colorless': 1}, 'Move Name': 'Collateral Bolts', 'Move Damage': None, 'Move Damage Modifier': None, 'Move Effect': ""This attack does 50 damage to each Pokémon that has any damage counters on it (both yours and your opponent's), except for this Pokémon. (Don't apply Weakness and Resistance for Benched Pokémon.)""}, {'Move Cost': {'Lightning': 1, 'Colorless': 2}, 'Move Name': 'Electric Ball', 'Move Damage': '120', 'Move Damage Modifier': None, 'Move Effect': ''}]",052/162,H,Common
Electabuzz,Electabuzz (Temporal Forces 53),[],Basic,,,90,Lightning,Fighting,,2,"[{'Move Cost': {'Lightning': 1}, 'Move Name': 'Chop', 'Move Damage': '20', 'Move Damage Modifier': None, 'Move Effect': ''}, {'Move Cost': {'Lightning': 1, 'Colorless': 2}, 'Move Name': 'Electric Punch', 'Move Damage': '50', 'Move Damage Modifier': None, 'Move Effect': ''}]",053/162,H,Common
Electivire,Electivire (Temporal Forces 54),[],Stage 1,Electabuzz,,140,Lightning,Fighting,,3,"[{'Move Cost': {'Colorless': 2}, 'Move Name': 'Short-Circuit Knuckle', 'Move Damage': '40', 'Move Damage Modifier': ('add', '40'), 'Move Damage Maximum Procs': 'TOFILL', 'Move Damage Modifier Template': 'TOFILL', 'Move Effect': 'If your opponent has any  Pokémon in play, this attack does 120 more damage.'}, {'Move Cost': {'Lightning': 2, 'Colorless': 2}, 'Move Name': 'Electroslug', 'Move Damage': '140', 'Move Damage Modifier': None, 'Move Effect': ''}]",054/162,H,Uncommon
Charjabug,Charjabug (Temporal Forces 55),[],Stage 1,Grubbin,,100,Lightning,Fighting,,2,"[{'Move Cost': {'Lightning': 2}, 'Move Name': 'Static Shock', 'Move Damage': '60', 'Move Damage Modifier': None, 'Move Effect': ''}]",055/162,H,Common
Vikavolt,Vikavolt (Temporal Forces 56),[],Stage 2,Charjabug,,160,Lightning,Fighting,,2,"[{'Move Cost': {'Lightning': 1}, 'Move Name': 'Mach Bolt', 'Move Damage': '50', 'Move Damage Modifier': None, 'Move Effect': ''}, {'Move Cost': {'Lightning': 2}, 'Move Name': 'Circuit Cannon', 'Move Damage': '120', 'Move Damage Modifier': ('add', '120'), 'Move Damage Maximum Procs': 'TOFILL', 'Move Damage Modifier Template': 'TOFILL', 'Move Effect': 'This attack does 80 more damage for each of your Benched Charjabug.'}]",056/162,H,Uncommon
Zeraora,Zeraora (Temporal Forces 57),[],Basic,,,120,Lightning,Fighting,,1,"[{'Move Cost': {'Colorless': 1}, 'Move Name': 'Shocking Knuckle', 'Move Damage': '20', 'Move Damage Modifier': None, 'Move Effect': ""Flip a coin. If heads, your opponent's Active Pokémon is now Paralyzed.""}, {'Move Cost': {'Lightning': 2, 'Colorless': 1}, 'Move Name': 'Strong Volt', 'Move Damage': '120', 'Move Damage Modifier': None, 'Move Effect': 'Discard an Energy from this Pokémon.'}]",057/162,H,Uncommon
Yamper,Yamper (Temporal Forces 58),[],Basic,,,70,Lightning,Fighting,,1,"[{'Move Cost': {'Colorless': 1}, 'Move Name': 'Whimsy Tackle', 'Move Damage': '20', 'Move Damage Modifier': None, 'Move Effect': 'Flip a coin. If tails, this attack does nothing.'}]",058/162,H,Common
Boltund,Boltund (Temporal Forces 59),[],Stage 1,Yamper,,120,Lightning,Fighting,,1,"[{'Move Cost': {'Colorless': 1}, 'Move Name': 'Electrifying Dash', 'Move Damage': '50', 'Move Damage Modifier': None, 'Move Effect': 'Search your deck for up to 2 Basic  Energy cards and attach them to your Benched Pokémon in any way you like. Then, shuffle your deck.'}]",059/162,H,Uncommon
Wugtrio-ex,Wugtrio ex (Temporal Forces 60),['ex'],Stage 1,Wiglett,,250,Lightning,Fighting,,1,"[{'Move Cost': {'Water': 1}, 'Move Name': 'Tricolor Pump', 'Move Damage': None, 'Move Damage Modifier': None, 'Move Effect': ""Discard up to 3 Energy cards from your hand. This attack does 60 damage to 1 of your opponent's Pokémon for each Energy card you discarded in this way. (Don't apply Weakness and Resistance for Benched Pokémon.)""}, {'Move Cost': {'Water': 2}, 'Move Name': 'Numbing Hold', 'Move Damage': '120', 'Move Damage Modifier': None, 'Move Effect': ""During your opponent's next turn, the Defending Pokémon can't retreat.""}]",060/162,H,Double Rare
Iron Hands,Iron Hands (Temporal Forces 61),['Future'],Basic,,,140,Lightning,Fighting,,3,"[{'Move Cost': {'Lightning': 1, 'Colorless': 1}, 'Move Name': 'Volt Wave', 'Move Damage': '30', 'Move Damage Modifier': None, 'Move Effect': ""Flip a coin. If heads, your opponent's Active Pokémon is now Paralyzed.""}, {'Move Cost': {'Lightning': 2, 'Colorless': 1}, 'Move Name': 'Superalloy Hands', 'Move Damage': '80', 'Move Damage Modifier': ('add', '80'), 'Move Damage Maximum Procs': 'TOFILL', 'Move Damage Modifier Template': 'TOFILL', 'Move Effect': ""If your oppponent's Active Pokémon is a Pokémon ex or Pokémon V, this attack does 80 more damage.""}]",061/162,H,Uncommon
Iron Thorns,Iron Thorns (Temporal Forces 62),['Future'],Basic,,,140,Lightning,Fighting,,3,"[{'Move Cost': {'Lightning': 1, 'Colorless': 1}, 'Move Name': 'Destructo-Press', 'Move Damage': '70', 'Move Damage Modifier': ('multiply', '70'), 'Move Damage Maximum Procs': 'TOFILL', 'Move Damage Modifier Template': 'TOFILL', 'Move Effect': 'Reveal the top 5 cards of your deck. This attack does 70 damage for each Future card you find there. Then, discard those Future cards and shuffle the other cards back into your deck.'}, {'Move Cost': {'Lightning': 3, 'Colorless': 1}, 'Move Name': 'Megaton Lariat', 'Move Damage': '140', 'Move Damage Modifier': None, 'Move Effect': ''}]",062/162,H,Rare
Mr. Mime,Mr. Mime (Temporal Forces 63),[],Basic,,,90,Psychic,Darkness,Fighting,1,"[{'Move Cost': {'Colorless': 1}, 'Move Name': 'Look-Alike Show', 'Move Damage': None, 'Move Damage Modifier': None, 'Move Effect': 'Your opponent reveals their hand. You may use the effect of a Supporter card you find there as the effect of this attack.'}, {'Move Cost': {'Psychic': 1}, 'Move Name': 'Eerie Wave', 'Move Damage': '20', 'Move Damage Modifier': None, 'Move Effect': ""Your opponent's Active Pokémon is now Confused.""}]",063/162,H,Common
Marill,Marill (Temporal Forces 64),[],Basic,,,70,Psychic,Metal,,2,"[{'Move Cost': {'Colorless': 1}, 'Move Name': 'Ball Roll', 'Move Damage': '10', 'Move Damage Modifier': ('multiply', '10'), 'Move Damage Maximum Procs': 'TOFILL', 'Move Damage Modifier Template': 'TOFILL', 'Move Effect': 'Flip a coin until you get tails. This attack does 10 damage for each heads.'}, {'Move Cost': {'Psychic': 1, 'Colorless': 2}, 'Move Name': 'Magical Shot', 'Move Damage': '40', 'Move Damage Modifier': None, 'Move Effect': ''}]",064/162,H,Common
Azumarill,Azumarill (Temporal Forces 65),[],Stage 1,Marill,,130,Psychic,Metal,,2,"[{'Move Cost': {'Colorless': 1}, 'Move Name': 'Play Rough', 'Move Damage': '30', 'Move Damage Modifier': ('add', '30'), 'Move Damage Maximum Procs': 'TOFILL', 'Move Damage Modifier Template': 'TOFILL', 'Move Effect': 'Flip a coin. If heads, this attack does 30 more damage.'}, {'Move Cost': {'Psychic': 1, 'Colorless': 2}, 'Move Name': 'Power Tackle', 'Move Damage': '140', 'Move Damage Modifier': None, 'Move Effect': ""During your next turn, this Pokémon can't attack.""}]",065/162,H,Common
Girafarig,Girafarig (Temporal Forces 66),[],Basic,,,90,Psychic,Darkness,Fighting,1,"[{'Move Cost': {'Psychic': 1, 'Colorless': 1}, 'Move Name': 'Psychic Assault', 'Move Damage': '20', 'Move Damage Modifier': ('add', '20'), 'Move Damage Maximum Procs': 'TOFILL', 'Move Damage Modifier Template': 'TOFILL', 'Move Effect': ""This attack does 10 more damage for each damage counter on your opponent's Active Pokémon.""}]",066/162,H,Common
Latias,Latias (Temporal Forces 67),[],Basic,,,110,Psychic,Darkness,Fighting,1,"[{'Move Cost': {'Colorless': 1}, 'Move Name': 'Allure', 'Move Damage': None, 'Move Damage Modifier': None, 'Move Effect': 'Draw 2 cards.'}, {'Move Cost': {'Psychic': 1, 'Colorless': 1}, 'Move Name': 'Lagoon Flight', 'Move Damage': '60', 'Move Damage Modifier': None, 'Move Effect': ''}]",067/162,H,Uncommon
Bronzor,Bronzor (Temporal Forces 68),[],Basic,,,80,Psychic,Darkness,Fighting,3,"[{'Move Cost': {'Psychic': 1}, 'Move Name': 'Mirror Attack', 'Move Damage': '10', 'Move Damage Modifier': ('add', '10'), 'Move Damage Maximum Procs': 'TOFILL', 'Move Damage Modifier Template': 'TOFILL', 'Move Effect': ""If your opponent's Active Pokémon is a  Pokémon, this attack does 30 more damage.""}]",068/162,H,Common
Bronzong,Bronzong (Temporal Forces 69),[],Stage 1,Bronzor,,110,Psychic,Darkness,Fighting,3,"[{'Move Cost': {'Psychic': 1}, 'Move Name': 'Evolution Jammer', 'Move Damage': '30', 'Move Damage Modifier': None, 'Move Effect': ""During your opponent's next turn, they can't play any Pokémon from their hand to evolve their Pokémon.""}, {'Move Cost': {'Psychic': 1, 'Colorless': 2}, 'Move Name': 'Super Psy Bolt', 'Move Damage': '100', 'Move Damage Modifier': None, 'Move Effect': ''}]",069/162,H,Uncommon
Solosis,Solosis (Temporal Forces 70),[],Basic,,,40,Psychic,Darkness,Fighting,1,"[{'Move Cost': {'Colorless': 1}, 'Move Name': 'Surprise Attack', 'Move Damage': '30', 'Move Damage Modifier': None, 'Move Effect': 'Flip a coin. If tails, this attack does nothing.'}]",070/162,H,Common
Duosion,Duosion (Temporal Forces 71),[],Stage 1,Solosis,,80,Psychic,Darkness,Fighting,2,"[{'Move Cost': {'Colorless': 1}, 'Move Name': 'Double Trick', 'Move Damage': '30', 'Move Damage Modifier': ('multiply', '30'), 'Move Damage Maximum Procs': 'TOFILL', 'Move Damage Modifier Template': 'TOFILL', 'Move Effect': 'Flip 2 coins. This attack does 30 damage for each heads.'}]",071/162,H,Common
Reuniclus,Reuniclus (Temporal Forces 72),[],Stage 2,Duosion,,120,Psychic,Darkness,Fighting,2,"[{'Move Cost': {'Colorless': 1}, 'Move Name': 'Summoning Gate', 'Move Damage': None, 'Move Damage Modifier': None, 'Move Effect': 'Look at the top 8 cards of your deck. You may put any number of Pokémon you find there onto your Bench. Shuffle the remaining cards back into your deck.'}, {'Move Cost': {'Psychic': 1, 'Colorless': 1}, 'Move Name': 'Brain Shake', 'Move Damage': '100', 'Move Damage Modifier': None, 'Move Effect': ""Your opponent's Active Pokémon is now Confused.""}]",072/162,H,Uncommon
Elgyem,Elgyem (Temporal Forces 73),[],Basic,,,60,Psychic,Darkness,Fighting,1,"[{'Move Cost': {'Psychic': 1}, 'Move Name': 'Hide', 'Move Damage': None, 'Move Damage Modifier': None, 'Move Effect': ""Flip a coin. If heads, during your opponent's next turn, prevent all damage from and effects of attacks done to this Pokémon.""}]",073/162,H,Common
Beheeyem,Beheeyem (Temporal Forces 74),[],Stage 1,Elgyem,,100,Psychic,Darkness,Fighting,1,"[{'Move Cost': {'Psychic': 1}, 'Move Name': 'Cosmic Beatdown', 'Move Damage': '20', 'Move Damage Modifier': ('multiply', '20'), 'Move Damage Maximum Procs': 'TOFILL', 'Move Damage Modifier Template': 'TOFILL', 'Move Effect': 'This attack does 20 damage for each of your Pokémon in play.'}]",074/162,H,Uncommon
Cutiefly,Cutiefly (Temporal Forces 75),[],Basic,,,30,Psychic,Metal,,1,"[{'Move Cost': {'Colorless': 1}, 'Move Name': 'Mini Drain', 'Move Damage': '10', 'Move Damage Modifier': None, 'Move Effect': 'Heal 10 damage from this Pokémon.'}]",075/162,H,Common
Ribombee,Ribombee (Temporal Forces 76),[],Stage 1,Cutiefly,,70,Psychic,Metal,,0,"[{'Move Cost': {'Colorless': 1}, 'Move Name': 'Plentiful Pollen', 'Move Damage': '30', 'Move Damage Modifier': None, 'Move Effect': 'During your next turn, if the Defending Pokémon is Knocked Out, take 2 more Prize cards.'}]",076/162,H,Uncommon
Scream Tail,Scream Tail (Temporal Forces 77),['Ancient'],Basic,,,90,Psychic,Darkness,Fighting,1,"[{'Move Cost': {'Colorless': 1}, 'Move Name': 'Supportive Singing', 'Move Damage': None, 'Move Damage Modifier': None, 'Move Effect': 'Heal 100 damage from 1 of your Benched Ancient Pokémon.'}, {'Move Cost': {'Colorless': 2}, 'Move Name': 'Hyper Voice', 'Move Damage': '40', 'Move Damage Modifier': None, 'Move Effect': ''}]",077/162,H,Uncommon
Flutter Mane,Flutter Mane (Temporal Forces 78),['Ancient'],Basic,,"{'Ability Name': 'Midnight Fluttering', 'Ability Desc': ""As long as this Pokémon is in the Active Spot, your opponent's Active Pokémon has no Abilities, except for Midnight Fluttering.""}",90,Psychic,Metal,,1,"[{'Move Cost': {'Colorless': 3}, 'Move Name': 'Hex Hurl', 'Move Damage': '90', 'Move Damage Modifier': None, 'Move Effect': ""Put 2 damage counters on your opponent's Benched Pokémon in any way you like.""}]",078/162,H,Rare
Iron Valiant,Iron Valiant (Temporal Forces 79),['Future'],Basic,,,130,Psychic,Metal,,2,"[{'Move Cost': {'Colorless': 1}, 'Move Name': 'Gemini Laser', 'Move Damage': '20', 'Move Damage Modifier': None, 'Move Effect': ""This attack also does 20 damage to 1 of your opponent's Benched Pokémon. (Don't apply Weakness and Resistance for Benched Pokémon.)""}, {'Move Cost': {'Psychic': 2, 'Colorless': 1}, 'Move Name': 'Zen Blade', 'Move Damage': '120', 'Move Damage Modifier': None, 'Move Effect': ""During your next turn, this Pokémon can't use Zen Blade.""}]",079/162,H,Uncommon
Iron Valiant,Iron Valiant (Temporal Forces 80),['Future'],Basic,,,130,Psychic,Metal,,2,"[{'Move Cost': {'Psychic': 1}, 'Move Name': 'Calculation', 'Move Damage': None, 'Move Damage Modifier': None, 'Move Effect': 'Look at the top 4 cards of your deck and put them back in any order.'}, {'Move Cost': {'Psychic': 2, 'Colorless': 1}, 'Move Name': 'Majestic Sword', 'Move Damage': '100', 'Move Damage Modifier': ('add', '100'), 'Move Damage Maximum Procs': 'TOFILL', 'Move Damage Modifier Template': 'TOFILL', 'Move Effect': 'If you played a Future Supporter card from your hand during this turn, this attack does 100 more damage.'}]",080/162,H,Rare
Iron Crown-ex,Iron Crown ex (Temporal Forces 81),"['ex', 'Future']",Basic,,"{'Ability Name': 'Cobalt Command', 'Ability Desc': ""Attacks used by your Future Pokémon, except any Iron Crown ex, do 20 more damage to your opponent's Active Pokémon (before applying Weakness and Resistance).""}",220,Psychic,Darkness,Fighting,2,"[{'Move Cost': {'Psychic': 1, 'Colorless': 2}, 'Move Name': 'Twin Shotels', 'Move Damage': None, 'Move Damage Modifier': None, 'Move Effect': ""This attack does 50 damage to 2 of your opponent's Pokémon. This attack's damage isn't affected by Weakness or Resistance, or by any effects on those Pokémon.""}]",081/162,H,Double Rare
Meditite,Meditite (Temporal Forces 82),[],Basic,,,70,Fighting,Psychic,,1,"[{'Move Cost': {'Fighting': 1}, 'Move Name': 'Slap', 'Move Damage': '10', 'Move Damage Modifier': None, 'Move Effect': ''}, {'Move Cost': {'Colorless': 2}, 'Move Name': 'Kick', 'Move Damage': '30', 'Move Damage Modifier': None, 'Move Effect': ''}]",082/162,H,Common
Medicham,Medicham (Temporal Forces 83),[],Stage 1,Meditite,,120,Fighting,Psychic,,1,"[{'Move Cost': {'Fighting': 1}, 'Move Name': 'Low Sweep', 'Move Damage': '40', 'Move Damage Modifier': None, 'Move Effect': ''}, {'Move Cost': {'Colorless': 3}, 'Move Name': 'High Jump Kick', 'Move Damage': '110', 'Move Damage Modifier': None, 'Move Effect': ''}]",083/162,H,Common
Relicanth,Relicanth (Temporal Forces 84),[],Basic,,"{'Ability Name': 'Memory Dive', 'Ability Desc': 'Each of your evolved Pokémon can use any attack from its previous Evolutions. (You still need the necessary Energy to use each attack.)'}",100,Fighting,Grass,,1,"[{'Move Cost': {'Fighting': 1, 'Colorless': 1}, 'Move Name': 'Razor Fin', 'Move Damage': '30', 'Move Damage Modifier': None, 'Move Effect': ''}]",084/162,H,Rare
Drilbur,Drilbur (Temporal Forces 85),[],Basic,,"{'Ability Name': 'Dig Dig Dig', 'Ability Desc': 'When you play this Pokémon from your hand onto your Bench during your turn, you may search your deck for up to 3 Basic  Energy cards and discard them. Then, shuffle your deck.'}",70,Fighting,Grass,,1,"[{'Move Cost': {'Fighting': 1, 'Colorless': 1}, 'Move Name': 'Sand Spray', 'Move Damage': '20', 'Move Damage Modifier': None, 'Move Effect': ''}]",085/162,H,Common
Excadrill,Excadrill (Temporal Forces 86),[],Stage 1,Drilbur,,130,Fighting,Grass,,2,"[{'Move Cost': {'Colorless': 1}, 'Move Name': 'Mud Shot', 'Move Damage': '20', 'Move Damage Modifier': None, 'Move Effect': ''}, {'Move Cost': {'Fighting': 2, 'Colorless': 1}, 'Move Name': 'Wild Tackle', 'Move Damage': '180', 'Move Damage Modifier': None, 'Move Effect': 'This Pokémon also does 50 damage to itself.'}]",086/162,H,Uncommon
Golett,Golett (Temporal Forces 87),[],Basic,,,90,Fighting,Grass,,3,"[{'Move Cost': {'Fighting': 1}, 'Move Name': 'Iron Defense', 'Move Damage': None, 'Move Damage Modifier': None, 'Move Effect': ""Flip a coin. If heads, during your opponent's next turn, prevent all damage done to this Pokémon by attacks.""}, {'Move Cost': {'Colorless': 3}, 'Move Name': 'Punch', 'Move Damage': '40', 'Move Damage Modifier': None, 'Move Effect': ''}]",087/162,H,Common
Golurk,Golurk (Temporal Forces 88),[],Stage 1,Golett,,160,Fighting,Grass,,4,"[{'Move Cost': {'Fighting': 1}, 'Move Name': 'Iron Defense', 'Move Damage': None, 'Move Damage Modifier': None, 'Move Effect': ""Flip a coin. If heads, during your opponent's next turn, prevent all damage done to this Pokémon by attacks.""}, {'Move Cost': {'Colorless': 4}, 'Move Name': 'Fighting Fist', 'Move Damage': '120', 'Move Damage Modifier': ('add', '120'), 'Move Damage Maximum Procs': 'TOFILL', 'Move Damage Modifier Template': 'TOFILL', 'Move Effect': ""If your opponent's Active Pokémon is a Pokémon ex or Pokémon V, this attack does 120 more damage.""}]",088/162,H,Uncommon
Rockruff,Rockruff (Temporal Forces 89),[],Basic,,,70,Fighting,Grass,,1,"[{'Move Cost': {'Colorless': 1}, 'Move Name': 'Paw Shake Punch', 'Move Damage': '10', 'Move Damage Modifier': None, 'Move Effect': ''}]",089/162,H,Common
Lycanroc,Lycanroc (Temporal Forces 90),[],Stage 1,Rockruff,,120,Fighting,Grass,,1,"[{'Move Cost': {'Colorless': 1}, 'Move Name': 'Turbo Edge', 'Move Damage': '50', 'Move Damage Modifier': None, 'Move Effect': 'Attach up to 2 Basic  Energy cards from your discard pile to your Benched Pokémon in any way you like.'}]",090/162,H,Uncommon
Mudbray,Mudbray (Temporal Forces 91),[],Basic,,,80,Fighting,Grass,,2,"[{'Move Cost': {'Fighting': 1}, 'Move Name': 'Smash Kick', 'Move Damage': '10', 'Move Damage Modifier': None, 'Move Effect': ''}, {'Move Cost': {'Fighting': 1, 'Colorless': 2}, 'Move Name': 'Mud-Slap', 'Move Damage': '50', 'Move Damage Modifier': None, 'Move Effect': ''}]",091/162,H,Common
Mudsdale,Mudsdale (Temporal Forces 92),[],Stage 1,Mudbray,,150,Fighting,Grass,,3,"[{'Move Cost': {'Fighting': 1}, 'Move Name': 'Mud Stock', 'Move Damage': None, 'Move Damage Modifier': None, 'Move Effect': 'Attach a Basic  Energy card from your discard pile to each of your Benched Pokémon.'}, {'Move Cost': {'Fighting': 1, 'Colorless': 2}, 'Move Name': 'High Horsepower １０\n', 'Move Damage': '140', 'Move Damage Modifier': None, 'Move Effect': 'This Pokémon also does 40 damage to itself.'}]",092/162,H,Uncommon
Rolycoly,Rolycoly (Temporal Forces 93),[],Basic,,,80,Fighting,Grass,,3,"[{'Move Cost': {'Fighting': 1}, 'Move Name': 'Rolling Tackle', 'Move Damage': '10', 'Move Damage Modifier': None, 'Move Effect': ''}, {'Move Cost': {'Fighting': 1, 'Colorless': 1}, 'Move Name': 'Power Gem', 'Move Damage': '30', 'Move Damage Modifier': None, 'Move Effect': ''}]",093/162,H,Common
Carkol,Carkol (Temporal Forces 94),[],Stage 1,Rolycoly,,110,Fighting,Grass,,4,"[{'Move Cost': {'Fighting': 1}, 'Move Name': 'Knock Away', 'Move Damage': '20', 'Move Damage Modifier': ('add', '20'), 'Move Damage Maximum Procs': 'TOFILL', 'Move Damage Modifier Template': 'TOFILL', 'Move Effect': 'Flip a coin. If heads, this attack does 40 more damage.'}, {'Move Cost': {'Fighting': 1, 'Colorless': 3}, 'Move Name': 'Boulder Crush', 'Move Damage': '80', 'Move Damage Modifier': None, 'Move Effect': ''}]",094/162,H,Common
Coalossal,Coalossal (Temporal Forces 95),[],Stage 2,Carkol,,180,Fighting,Grass,,4,"[{'Move Cost': {'Fighting': 1}, 'Move Name': 'Gatling Tar', 'Move Damage': '40', 'Move Damage Modifier': ('add', '40'), 'Move Damage Maximum Procs': 'TOFILL', 'Move Damage Modifier Template': 'TOFILL', 'Move Effect': 'This attack does 80 more damage for each  Energy attached to this Pokémon.'}, {'Move Cost': {'Fighting': 1, 'Colorless': 3}, 'Move Name': 'Cragalanche', 'Move Damage': '150', 'Move Damage Modifier': None, 'Move Effect': ""Discard the top 2 cards of your opponent's deck.""}]",095/162,H,Uncommon
Great Tusk,Great Tusk (Temporal Forces 96),['Ancient'],Basic,,,140,Fighting,Psychic,,4,"[{'Move Cost': {'Fighting': 1, 'Colorless': 1}, 'Move Name': 'Lunge Out', 'Move Damage': '30', 'Move Damage Modifier': None, 'Move Effect': ''}, {'Move Cost': {'Fighting': 1, 'Colorless': 2}, 'Move Name': 'Wrathful Charge', 'Move Damage': '80', 'Move Damage Modifier': ('add', '80'), 'Move Damage Maximum Procs': 'TOFILL', 'Move Damage Modifier Template': 'TOFILL', 'Move Effect': 'If your Benched Pokémon have any damage counters on them, this attack does 80 more damage.'}]",096/162,H,Uncommon
Great Tusk,Great Tusk (Temporal Forces 97),['Ancient'],Basic,,,140,Fighting,Psychic,,3,"[{'Move Cost': {'Colorless': 2}, 'Move Name': 'Land Collapse', 'Move Damage': None, 'Move Damage Modifier': None, 'Move Effect': ""Discard the top card of your opponent's deck. If you played an Ancient Supporter card from your hand during this turn, discard 3 more cards in this way.""}, {'Move Cost': {'Fighting': 2, 'Colorless': 2}, 'Move Name': 'Giant Tusk', 'Move Damage': '160', 'Move Damage Modifier': None, 'Move Effect': ''}]",097/162,H,Uncommon
Sandy Shocks,Sandy Shocks (Temporal Forces 98),['Ancient'],Basic,,,120,Fighting,Grass,,2,"[{'Move Cost': {'Fighting': 1}, 'Move Name': 'Magnetic Burst', 'Move Damage': '20', 'Move Damage Modifier': ('add', '20'), 'Move Damage Maximum Procs': 'TOFILL', 'Move Damage Modifier Template': 'TOFILL', 'Move Effect': ""If you have 3 or more Energy in play, this attack does 70 more damage. This attack's damage isn't affected by Weakness.""}, {'Move Cost': {'Fighting': 1, 'Colorless': 1}, 'Move Name': 'Power Gem', 'Move Damage': '60', 'Move Damage Modifier': None, 'Move Effect': ''}]",098/162,H,Uncommon
Iron Boulder-ex,Iron Boulder ex (Temporal Forces 99),"['ex', 'Future']",Basic,,,240,Fighting,Grass,,3,"[{'Move Cost': {'Fighting': 1, 'Colorless': 1}, 'Move Name': 'Repulsor Axe', 'Move Damage': '60', 'Move Damage Modifier': None, 'Move Effect': ""During your opponent's next turn, if this Pokémon is damaged by an attack (even if it is Knocked Out), put 8 damage counters on the Attacking Pokémon.""}, {'Move Cost': {'Fighting': 2, 'Colorless': 1}, 'Move Name': 'Power Stomp', 'Move Damage': '200', 'Move Damage Modifier': None, 'Move Effect': 'Discard 2 Energy from this Pokémon.'}]",099/162,H,Double Rare
Ekans,Ekans (Temporal Forces 100),[],Basic,,,60,Darkness,Fighting,,1,"[{'Move Cost': {'Darkness': 1}, 'Move Name': 'Poison Blend', 'Move Damage': None, 'Move Damage Modifier': None, 'Move Effect': ""Flip a coin. If heads, your opponent's Active Pokémon is now Confused and Poisoned.""}, {'Move Cost': {'Darkness': 2}, 'Move Name': 'Bite', 'Move Damage': '30', 'Move Damage Modifier': None, 'Move Effect': ''}]",100/162,H,Common
Arbok,Arbok (Temporal Forces 101),[],Stage 1,Ekans,,130,Darkness,Fighting,,2,"[{'Move Cost': {'Darkness': 1}, 'Move Name': 'Panic Poison', 'Move Damage': None, 'Move Damage Modifier': None, 'Move Effect': ""Your opponent's Active Pokémon is now Burned, Confused, and Poisoned.""}, {'Move Cost': {'Darkness': 2}, 'Move Name': 'Darkness Fang', 'Move Damage': '70', 'Move Damage Modifier': None, 'Move Effect': ''}]",101/162,H,Common
Gastly,Gastly (Temporal Forces 102),[],Basic,,,60,Darkness,Fighting,,1,"[{'Move Cost': {'Darkness': 1}, 'Move Name': 'Mysterious Beam', 'Move Damage': None, 'Move Damage Modifier': None, 'Move Effect': ""Flip a coin. If heads, discard an Energy from your opponent's Active Pokémon.""}, {'Move Cost': {'Darkness': 2}, 'Move Name': 'Suffocating Gas', 'Move Damage': '30', 'Move Damage Modifier': None, 'Move Effect': ''}]",102/162,H,Common
Haunter,Haunter (Temporal Forces 103),[],Stage 1,Gastly,,90,Darkness,Fighting,,1,"[{'Move Cost': {'Darkness': 2}, 'Move Name': 'Super Poison Breath', 'Move Damage': '30', 'Move Damage Modifier': None, 'Move Effect': ""Your opponent's Active Pokémon is now Poisoned.""}]",103/162,H,Common
Gengar-ex,Gengar ex (Temporal Forces 104),['ex'],Stage 2,Haunter,"{'Ability Name': 'Gnawing Curse', 'Ability Desc': 'Whenever your opponent attaches an Energy card from their hand to 1 of their Pokémon, put 2 damage counters on that Pokémon.'}",310,Darkness,Fighting,,2,"[{'Move Cost': {'Darkness': 2}, 'Move Name': 'Tricky Steps', 'Move Damage': '160', 'Move Damage Modifier': None, 'Move Effect': ""You may move an Energy from your opponent's Active Pokémon to 1 of their Benched Pokémon.""}]",104/162,H,Double Rare
Poochyena,Poochyena (Temporal Forces 105),[],Basic,,,70,Darkness,Grass,,1,"[{'Move Cost': {'Darkness': 1, 'Colorless': 1}, 'Move Name': 'Gnaw Off', 'Move Damage': '30', 'Move Damage Modifier': ('add', '30'), 'Move Damage Maximum Procs': 'TOFILL', 'Move Damage Modifier Template': 'TOFILL', 'Move Effect': 'Flip a coin. If heads, this attack does 20 more damage.'}]",105/162,H,Common
Mightyena,Mightyena (Temporal Forces 106),[],Stage 1,Poochyena,,120,Darkness,Grass,,2,"[{'Move Cost': {'Darkness': 1, 'Colorless': 1}, 'Move Name': 'Kick Away', 'Move Damage': '50', 'Move Damage Modifier': None, 'Move Effect': ""Switch out your opponent's Active Pokémon to the Bench. (Your opponent chooses the new Active Pokémon.)""}, {'Move Cost': {'Darkness': 2, 'Colorless': 1}, 'Move Name': 'Sharp Fang', 'Move Damage': '130', 'Move Damage Modifier': None, 'Move Effect': ''}]",106/162,H,Common
Sableye,Sableye (Temporal Forces 107),[],Basic,,,70,Darkness,Grass,,1,"[{'Move Cost': {'Darkness': 1}, 'Move Name': 'Claw Slash', 'Move Damage': '20', 'Move Damage Modifier': None, 'Move Effect': ''}, {'Move Cost': {'Colorless': 2}, 'Move Name': 'Damage Collection', 'Move Damage': None, 'Move Damage Modifier': None, 'Move Effect': ""You may move any number of damage counters from your opponent's Benched Pokémon to their Active Pokémon.""}]",107/162,H,Uncommon
Farigiraf-ex,Farigiraf ex (Temporal Forces 108),['ex'],Stage 1,Girafarig,"{'Ability Name': 'Armor Tail', 'Ability Desc': ""Prevent all damage done to this Pokémon by attacks from your opponent's Basic Pokémon ex.""}",260,Darkness,Grass,,2,"[{'Move Cost': {'Psychic': 1, 'Colorless': 2}, 'Move Name': 'Dirty Beam', 'Move Damage': '160', 'Move Damage Modifier': None, 'Move Effect': ""This attack also does 30 damage to 1 of your opponent's Benched Pokémon. (Don't apply Weakness and Resistance for Benched Pokémon.)""}]",108/162,H,Double Rare
Roaring Moon,Roaring Moon (Temporal Forces 109),['Ancient'],Basic,,,140,Darkness,Grass,,2,"[{'Move Cost': {'Darkness': 2}, 'Move Name': 'Vengeance Fletching', 'Move Damage': '70', 'Move Damage Modifier': ('add', '70'), 'Move Damage Maximum Procs': 'TOFILL', 'Move Damage Modifier Template': 'TOFILL', 'Move Effect': 'This attack does 10 more damage for each Ancient card in your discard pile.'}, {'Move Cost': {'Darkness': 1, 'Colorless': 3}, 'Move Name': 'Speed Wing', 'Move Damage': '120', 'Move Damage Modifier': None, 'Move Effect': ''}]",109/162,H,Rare
Forretress,Forretress (Temporal Forces 110),[],Stage 1,Pineco,,130,Metal,Fire,Grass,3,"[{'Move Cost': {'Metal': 1}, 'Move Name': 'Spike Cannon', 'Move Damage': '30', 'Move Damage Modifier': ('multiply', '30'), 'Move Damage Maximum Procs': 'TOFILL', 'Move Damage Modifier Template': 'TOFILL', 'Move Effect': 'Flip 3 coins. This attack does 30 damage for each heads.'}, {'Move Cost': {'Colorless': 3}, 'Move Name': 'Steel Tackle', 'Move Damage': '130', 'Move Damage Modifier': None, 'Move Effect': 'This Pokémon also does 40 damage to itself.'}]",110/162,H,Uncommon
Scizor-ex,Scizor ex (Temporal Forces 111),['ex'],Stage 1,Scyther,,270,Metal,Fire,Grass,2,"[{'Move Cost': {'Colorless': 2}, 'Move Name': 'Steel Wing', 'Move Damage': '70', 'Move Damage Modifier': None, 'Move Effect': ""During your opponent's next turn, this Pokémon takes 50 less damage from attacks (after applying Weakness and Resistance).""}, {'Move Cost': {'Metal': 2}, 'Move Name': 'Cross Breaker', 'Move Damage': '120', 'Move Damage Modifier': ('multiply', '120'), 'Move Damage Maximum Procs': 'TOFILL', 'Move Damage Modifier Template': 'TOFILL', 'Move Effect': 'Discard up to 2  Energy from this Pokémon. This attack does 120 damage for each card you discarded in this way.'}]",111/162,H,Double Rare
Mawile,Mawile (Temporal Forces 112),[],Basic,,,90,Metal,Fire,Grass,1,"[{'Move Cost': {'Colorless': 2}, 'Move Name': 'Invite and Strike', 'Move Damage': None, 'Move Damage Modifier': None, 'Move Effect': ""Switch in 1 of your opponent's Benched Pokémon to the Active Spot. This attack does 30 damage to the new Active Pokémon.""}, {'Move Cost': {'Metal': 2, 'Colorless': 1}, 'Move Name': 'Sharp Fang', 'Move Damage': '100', 'Move Damage Modifier': None, 'Move Effect': ''}]",112/162,H,Common
Beldum,Beldum (Temporal Forces 113),[],Basic,,,70,Metal,Fire,Grass,1,"[{'Move Cost': {'Metal': 1}, 'Move Name': 'Dig Claws', 'Move Damage': '10', 'Move Damage Modifier': None, 'Move Effect': ''}, {'Move Cost': {'Metal': 1, 'Colorless': 2}, 'Move Name': 'Iron Tackle', 'Move Damage': '50', 'Move Damage Modifier': None, 'Move Effect': 'This Pokémon also does 10 damage to itself.'}]",113/162,H,Common
Metang,Metang (Temporal Forces 114),[],Stage 1,Beldum,"{'Ability Name': 'Metal Maker', 'Ability Desc': 'Once during your turn, you may look at the top 4 cards of your deck and attach any number of Basic  Energy cards you find there to your Pokémon in any way you like. Shuffle the other cards and put them on the bottom of your deck.'}",100,Metal,Fire,Grass,2,"[{'Move Cost': {'Metal': 1, 'Colorless': 2}, 'Move Name': 'Beam', 'Move Damage': '60', 'Move Damage Modifier': None, 'Move Effect': ''}]",114/162,H,Common
Metagross,Metagross (Temporal Forces 115),[],Stage 2,Metang,,180,Metal,Fire,Grass,3,"[{'Move Cost': {'Metal': 1}, 'Move Name': 'Meteor Mash', 'Move Damage': '60', 'Move Damage Modifier': None, 'Move Effect': ""During your next turn, this Pokémon's Meteor Mash attack does 60 more damage (before applying Weakness and Resistance).""}, {'Move Cost': {'Metal': 1, 'Colorless': 3}, 'Move Name': 'Luster Blast', 'Move Damage': '200', 'Move Damage Modifier': None, 'Move Effect': 'Discard 2 Energy from this Pokémon.'}]",115/162,H,Uncommon
Meltan,Meltan (Temporal Forces 116),[],Basic,,,80,Metal,Fire,Grass,3,"[{'Move Cost': {'Metal': 2}, 'Move Name': 'Headbutt', 'Move Damage': '50', 'Move Damage Modifier': None, 'Move Effect': ''}]",116/162,H,Common
Melmetal,Melmetal (Temporal Forces 117),[],Stage 1,Meltan,,160,Metal,Fire,Grass,4,"[{'Move Cost': {'Metal': 2, 'Colorless': 1}, 'Move Name': 'Hammer In', 'Move Damage': '120', 'Move Damage Modifier': None, 'Move Effect': ''}, {'Move Cost': {'Metal': 4, 'Colorless': 1}, 'Move Name': 'Iron Bash', 'Move Damage': '230', 'Move Damage Modifier': None, 'Move Effect': ''}]",117/162,H,Rare
Iron Treads,Iron Treads (Temporal Forces 118),['Future'],Basic,,"{'Ability Name': 'Dual Core', 'Ability Desc': 'As long as this Pokémon has a Future Booster Energy Capsule attached, it is  and  type.'}",130,Metal,Fire,Grass,2,"[{'Move Cost': {'Metal': 1, 'Colorless': 1}, 'Move Name': 'Wheel Pass', 'Move Damage': '60', 'Move Damage Modifier': None, 'Move Effect': 'Move an Energy from this Pokémon to 1 of your Benched Pokémon.'}]",118/162,H,Uncommon
Koraidon,Koraidon (Temporal Forces 119),['Ancient'],Basic,,,140,Dragon,,,2,"[{'Move Cost': {'Fighting': 1, 'Colorless': 1}, 'Move Name': 'Primordial Beatdown', 'Move Damage': '30', 'Move Damage Modifier': ('multiply', '30'), 'Move Damage Maximum Procs': 'TOFILL', 'Move Damage Modifier Template': 'TOFILL', 'Move Effect': 'This attack does 30 damage for each of your Ancient Pokémon in play.'}, {'Move Cost': {'Fire': 1, 'Fighting': 1, 'Colorless': 1}, 'Move Name': 'Shred', 'Move Damage': '130', 'Move Damage Modifier': None, 'Move Effect': ""This attack's damage isn't affected by any effects on your opponent's Active Pokémon.""}]",119/162,H,Rare
Koraidon-ex,Koraidon ex (Temporal Forces 120),"['ex', 'Ancient']",Basic,,,230,Dragon,,,2,"[{'Move Cost': {'Colorless': 2}, 'Move Name': 'Retribution Strike', 'Move Damage': '20', 'Move Damage Modifier': ('add', '20'), 'Move Damage Maximum Procs': 'TOFILL', 'Move Damage Modifier Template': 'TOFILL', 'Move Effect': 'This attack does 10 more damage for each damage counter on this Pokémon.'}, {'Move Cost': {'Fire': 1, 'Fighting': 2}, 'Move Name': 'Kaiser Tackle', 'Move Damage': '280', 'Move Damage Modifier': None, 'Move Effect': 'This Pokémon also does 60 damage to itself.'}]",120/162,H,Double Rare
Miraidon,Miraidon (Temporal Forces 121),['Future'],Basic,,,110,Dragon,,,2,"[{'Move Cost': {'Colorless': 1}, 'Move Name': 'Peak Acceleration', 'Move Damage': '40', 'Move Damage Modifier': None, 'Move Effect': 'Search your deck for up to 2 Basic Energy cards and attach them to your Future Pokémon in any way you like. Then, shuffle your deck.'}, {'Move Cost': {'Lightning': 2, 'Psychic': 1}, 'Move Name': 'Sparking Strike', 'Move Damage': '160', 'Move Damage Modifier': None, 'Move Effect': ''}]",121/162,H,Rare
Miraidon-ex,Miraidon ex (Temporal Forces 122),"['ex', 'Future']",Basic,,,220,Dragon,,,1,"[{'Move Cost': {'Lightning': 1, 'Psychic': 1}, 'Move Name': 'Repulsion Bolt', 'Move Damage': '60', 'Move Damage Modifier': ('add', '60'), 'Move Damage Maximum Procs': 'TOFILL', 'Move Damage Modifier Template': 'TOFILL', 'Move Effect': ""If your opponent's Active Pokémon already has any damage counters on it, this attack does 100 more damage.""}, {'Move Cost': {'Lightning': 1, 'Psychic': 1, 'Colorless': 1}, 'Move Name': 'Cyber Drive', 'Move Damage': '220', 'Move Damage Modifier': None, 'Move Effect': ""During your next turn, this Pokémon can't use Cyber Drive.""}]",122/162,H,Double Rare
Raging Bolt-ex,Raging Bolt ex (Temporal Forces 123),"['ex', 'Ancient']",Basic,,,240,Dragon,,,3,"[{'Move Cost': {'Colorless': 1}, 'Move Name': 'Burst Roar', 'Move Damage': None, 'Move Damage Modifier': None, 'Move Effect': 'Discard your hand and draw 6 cards.'}, {'Move Cost': {'Lightning': 1, 'Fighting': 1}, 'Move Name': 'Bellowing Thunder', 'Move Damage': '70', 'Move Damage Modifier': ('multiply', '70'), 'Move Damage Maximum Procs': 'TOFILL', 'Move Damage Modifier Template': 'TOFILL', 'Move Effect': 'You may discard any amount of Basic Energy from your Pokémon. This attack does 70 damage for each card you discarded in this way.'}]",123/162,H,Double Rare
Lickitung,Lickitung (Temporal Forces 124),[],Basic,,,100,Colorless,Fighting,,3,"[{'Move Cost': {'Colorless': 1}, 'Move Name': 'Tongue Pull', 'Move Damage': None, 'Move Damage Modifier': None, 'Move Effect': ""Your opponent reveals their hand. Put up to 2 Basic Pokémon you find there onto your opponent's Bench.""}, {'Move Cost': {'Colorless': 3}, 'Move Name': 'Strength', 'Move Damage': '50', 'Move Damage Modifier': None, 'Move Effect': ''}]",124/162,H,Common
Lickilicky,Lickilicky (Temporal Forces 125),[],Stage 1,Lickitung,,150,Colorless,Fighting,,4,"[{'Move Cost': {'Colorless': 2}, 'Move Name': 'Body Slam', 'Move Damage': '50', 'Move Damage Modifier': None, 'Move Effect': ""Flip a coin. If heads, your opponent's Active Pokémon is now Paralyzed.""}, {'Move Cost': {'Colorless': 4}, 'Move Name': 'Tonguenado', 'Move Damage': '70', 'Move Damage Modifier': ('multiply', '70'), 'Move Damage Maximum Procs': 'TOFILL', 'Move Damage Modifier Template': 'TOFILL', 'Move Effect': 'Flip 4 coins. This attack does 70 damage for each heads.'}]",125/162,H,Common
Hoothoot,Hoothoot (Temporal Forces 126),[],Basic,,,70,Colorless,Lightning,Fighting,1,"[{'Move Cost': {'Colorless': 2}, 'Move Name': 'Silent Wing', 'Move Damage': '20', 'Move Damage Modifier': None, 'Move Effect': 'Your opponent reveals their hand.'}]",126/162,H,Common
Noctowl,Noctowl (Temporal Forces 127),[],Stage 1,Hoothoot,,110,Colorless,Lightning,Fighting,1,"[{'Move Cost': {'Colorless': 2}, 'Move Name': 'Talon Hunt', 'Move Damage': '70', 'Move Damage Modifier': None, 'Move Effect': 'You may search your deck for up to 2 cards and put them into your hand. Then, shuffle your deck.'}]",127/162,H,Common
Dunsparce,Dunsparce (Temporal Forces 128),[],Basic,,,60,Colorless,Fighting,,0,"[{'Move Cost': {'Colorless': 1}, 'Move Name': 'Gnaw', 'Move Damage': '10', 'Move Damage Modifier': None, 'Move Effect': ''}, {'Move Cost': {'Colorless': 2}, 'Move Name': 'Dig', 'Move Damage': '30', 'Move Damage Modifier': None, 'Move Effect': ""Flip a coin. If heads, during your opponent's next turn, prevent all damage from and effects of attacks done to this Pokémon.""}]",128/162,H,Common
Dudunsparce,Dudunsparce (Temporal Forces 129),[],Stage 1,Dunsparce,"{'Ability Name': 'Run Away Draw', 'Ability Desc': 'Once during your turn, you may draw 3 cards. If you drew any cards in this way, shuffle this Pokémon and all attached cards into your deck.'}",140,Colorless,Fighting,,3,"[{'Move Cost': {'Colorless': 3}, 'Move Name': 'Land Crush', 'Move Damage': '90', 'Move Damage Modifier': None, 'Move Effect': ''}]",129/162,H,Rare
Skitty,Skitty (Temporal Forces 130),[],Basic,,,60,Colorless,Fighting,,1,"[{'Move Cost': {'Colorless': 1}, 'Move Name': 'Call for Family', 'Move Damage': None, 'Move Damage Modifier': None, 'Move Effect': 'Search your deck for a Basic Pokémon and put it onto your Bench. Then, shuffle your deck.'}, {'Move Cost': {'Colorless': 2}, 'Move Name': 'Tackle', 'Move Damage': '20', 'Move Damage Modifier': None, 'Move Effect': ''}]",130/162,H,Common
Delcatty,Delcatty (Temporal Forces 131),[],Stage 1,Skitty,,110,Colorless,Fighting,,1,"[{'Move Cost': {'Colorless': 1}, 'Move Name': 'Tail Trickery', 'Move Damage': '30', 'Move Damage Modifier': None, 'Move Effect': ""Your opponent's Active Pokémon is now Confused.""}, {'Move Cost': {'Colorless': 3}, 'Move Name': 'Energy Blender', 'Move Damage': '110', 'Move Damage Modifier': None, 'Move Effect': 'You may move any amount of Energy from your Pokémon to your other Pokémon in any way you like.'}]",131/162,H,Uncommon
Chatot,Chatot (Temporal Forces 132),[],Basic,,,70,Colorless,Lightning,Fighting,1,"[{'Move Cost': {'Colorless': 1}, 'Move Name': 'A Cappella', 'Move Damage': None, 'Move Damage Modifier': None, 'Move Effect': 'Search your deck for up to 3 Basic Pokémon and put them onto your Bench. Then, shuffle your deck.'}, {'Move Cost': {'Colorless': 1}, 'Move Name': 'Gust', 'Move Damage': '20', 'Move Damage Modifier': None, 'Move Effect': ''}]",132/162,H,Common
Pidove,Pidove (Temporal Forces 133),[],Basic,,"{'Ability Name': 'Emergency Evolution', 'Ability Desc': ""Once during your turn, if this Pokémon's remaining HP is 30 or less, you may search your deck for an Unfezant or Unfezant ex and put it onto this Pidove to evolve it. Then, shuffle your deck.""}",50,Colorless,Lightning,Fighting,1,"[{'Move Cost': {'Colorless': 1}, 'Move Name': 'Gust', 'Move Damage': '10', 'Move Damage Modifier': None, 'Move Effect': ''}]",133/162,H,Common
Tranquill,Tranquill (Temporal Forces 134),[],Stage 1,Pidove,,80,Colorless,Lightning,Fighting,0,"[{'Move Cost': {'Colorless': 1}, 'Move Name': 'Speed Dive', 'Move Damage': '20', 'Move Damage Modifier': None, 'Move Effect': ''}, {'Move Cost': {'Colorless': 2}, 'Move Name': 'Jet Wing', 'Move Damage': '70', 'Move Damage Modifier': None, 'Move Effect': ""During your next turn, this Pokémon can't attack.""}]",134/162,H,Common
Unfezant,Unfezant (Temporal Forces 135),[],Stage 2,Tranquill,,150,Colorless,Lightning,Fighting,0,"[{'Move Cost': {'Colorless': 2}, 'Move Name': 'Opposing Winds', 'Move Damage': '70', 'Move Damage Modifier': None, 'Move Effect': ""You may put 2 Energy attached to your opponent's Active Pokémon into their hand.""}, {'Move Cost': {'Colorless': 3}, 'Move Name': 'Boundless Power', 'Move Damage': '180', 'Move Damage Modifier': None, 'Move Effect': ""During your next turn, this Pokémon can't attack.""}]",135/162,H,Uncommon
Minccino,Minccino (Temporal Forces 136),[],Basic,,,70,Colorless,Fighting,,1,"[{'Move Cost': {'Colorless': 1}, 'Move Name': 'Beat', 'Move Damage': '10', 'Move Damage Modifier': None, 'Move Effect': ''}, {'Move Cost': {'Colorless': 2}, 'Move Name': 'Cleaning Up', 'Move Damage': None, 'Move Damage Modifier': None, 'Move Effect': ""Discard up to 2 Pokémon Tools from your opponent's Pokémon.""}]",136/162,H,Common
Cinccino,Cinccino (Temporal Forces 137),[],Stage 1,Minccino,,110,Colorless,Fighting,,1,"[{'Move Cost': {'Colorless': 1}, 'Move Name': 'Gentle Slap', 'Move Damage': '30', 'Move Damage Modifier': None, 'Move Effect': ''}, {'Move Cost': {'Colorless': 2}, 'Move Name': 'Special Roll', 'Move Damage': '70', 'Move Damage Modifier': ('multiply', '70'), 'Move Damage Maximum Procs': 'TOFILL', 'Move Damage Modifier Template': 'TOFILL', 'Move Effect': 'This attack does 70 damage for each Special Energy card attached to this Pokémon.'}]",137/162,H,Uncommon
Drampa,Drampa (Temporal Forces 138),[],Basic,,,120,Colorless,Fighting,,2,"[{'Move Cost': {'Colorless': 1}, 'Move Name': 'Gentle Slap', 'Move Damage': '20', 'Move Damage Modifier': None, 'Move Effect': ''}, {'Move Cost': {'Colorless': 3}, 'Move Name': 'Raging Cannon', 'Move Damage': '100', 'Move Damage Modifier': ('add', '100'), 'Move Damage Maximum Procs': 'TOFILL', 'Move Damage Modifier Template': 'TOFILL', 'Move Effect': 'If all of your Benched Pokémon have at least 1 damage counter on them, this attack does 120 more damage.'}]",138/162,H,Rare
Iron Jugulis,Iron Jugulis (Temporal Forces 139),['Future'],Basic,,"{'Ability Name': 'Automated Combat', 'Ability Desc': ""If this Pokémon is in the Active Spot and is damaged by an attack from your opponent's Pokémon (even if this Pokémon is Knocked Out), put 3 damage counters on the Attacking Pokémon.""}",130,Colorless,Lightning,Fighting,2,"[{'Move Cost': {'Colorless': 3}, 'Move Name': 'Blasting Wind', 'Move Damage': '110', 'Move Damage Modifier': None, 'Move Effect': ''}]",139/162,H,Uncommon
